id,adNumber,stamp,stamNumber
1,123456,2016-10-15,LEG0000
2,123456,2016-07-15,LG0301
3,123456,2016-09-12,WG0301
4,123456,2016-09-18,WG0301
5,123456,2016-08-10,OG1301
6,123456,2016-08-12,AG0301
7,123456,2016-09-20,OG1301
8,123456,2016-03-03,OG3301
9,123456,2016-03-16,WG0301
10,123456,2016-09-04,OG2301
11,123456,2016-08-24,KG0301
12,123456,2016-08-25,BG0301
13,123456,2016-09-07,WG0301
14,123456,2016-02-26,LEG0000
15,123456,2016-10-19,KG0301
16,123456,2016-05-20,LG0301
17,123456,2016-02-23,LEG0000
18,123456,2016-11-23,AG0301
19,123456,2016-06-10,BG0301
20,123456,2016-11-20,OG2301
21,123456,2016-06-10,OG2301
22,123456,2016-06-14,KG0301
23,123456,2016-09-28,OG3301
24,123456,2016-02-19,LG0301
25,123456,2016-11-15,OG1301
26,123456,2016-01-04,MG0301
27,123456,2016-06-22,WG0301
28,123456,2016-02-20,OG1301
29,123456,2016-12-27,BG0301
30,123456,2016-12-12,OG3301
31,123456,2016-01-17,BG0301
32,123456,2016-10-09,KG0301
33,123456,2016-11-19,OG1301
34,123456,2016-07-24,WG0301
35,123456,2016-09-01,LEG0000
36,123456,2016-04-13,OG3301
37,123456,2016-08-25,LEG0000
38,123456,2016-10-10,LG0301
39,123456,2016-05-20,MG0301
40,123456,2016-12-24,LEG0000
41,123456,2016-03-17,AG0301
42,123456,2016-12-21,MG0301
43,123456,2016-10-20,BG0301
44,123456,2016-05-10,OG1301
45,123456,2016-12-18,KG0301
46,123456,2016-07-05,LEG0000
47,123456,2016-05-06,KG0301
48,123456,2016-11-10,AG0301
49,123456,2016-08-27,AG0301
50,123456,2016-06-13,WG0301
51,123456,2016-08-11,OG2301
52,123456,2016-01-06,KG0301
53,123456,2016-11-23,OG3301
54,123456,2016-07-27,OG1301
55,123456,2016-11-06,BG0301
56,123456,2016-01-24,KG0301
57,123456,2016-06-19,OG3301
58,123456,2016-04-20,AG0301
59,123456,2016-01-01,LEG0000
60,123456,2016-11-16,AG0301
61,123456,2016-01-08,OG2301
62,123456,2016-11-24,WG0301
63,123456,2016-06-16,KG0301
64,123456,2016-02-16,KG0301
65,123456,2016-11-10,BG0301
66,123456,2016-04-12,OG3301
67,123456,2016-07-23,OG3301
68,123456,2016-01-27,KG0301
69,123456,2016-12-09,BG0301
70,123456,2016-06-08,OG3301
71,123456,2016-12-26,OG2301
72,123456,2016-01-14,OG1301
73,123456,2016-12-03,WG0301
74,123456,2016-12-01,OG1301
75,123456,2016-07-04,OG2301
76,123456,2016-05-14,LEG0000
77,123456,2016-12-21,OG2301
78,123456,2016-10-01,KG0301
79,123456,2016-03-12,LEG0000
80,123456,2016-02-15,LEG0000
81,123456,2016-08-09,LG0301
82,123456,2016-01-11,KG0301
83,123456,2016-12-18,MG0301
84,123456,2016-03-21,LEG0000
85,123456,2016-09-08,BG0301
86,123456,2016-01-25,AG0301
87,123456,2016-05-06,OG1301
88,123456,2016-04-01,OG2301
89,123456,2016-04-18,OG3301
90,123456,2016-08-10,BG0301
91,123456,2016-12-11,MG0301
92,123456,2016-10-07,AG0301
93,123456,2016-02-24,LEG0000
94,123456,2016-02-19,OG2301
95,123456,2016-12-27,MG0301
96,123456,2016-10-21,KG0301
97,123456,2016-05-06,WG0301
98,123456,2016-07-08,LEG0000
99,123456,2016-10-11,OG3301
100,123456,2016-02-03,OG1301
101,123456,2016-09-12,OG2301
102,123456,2016-01-19,BG0301
103,123456,2016-12-25,KG0301
104,123456,2016-12-11,OG3301
105,123456,2016-07-08,KG0301
106,123456,2016-07-10,BG0301
107,123456,2016-02-21,OG3301
108,123456,2016-06-17,MG0301
109,123456,2016-04-11,OG1301
110,123456,2016-09-26,LG0301
111,123456,2016-08-26,OG2301
112,123456,2016-03-03,OG3301
113,123456,2016-12-19,OG2301
114,123456,2016-09-10,KG0301
115,123456,2016-03-05,LG0301
116,123456,2016-07-21,KG0301
117,123456,2016-11-19,WG0301
118,123456,2016-07-26,OG2301
119,123456,2016-07-06,AG0301
120,123456,2016-11-21,OG2301
121,123456,2016-03-05,OG3301
122,123456,2016-09-09,OG2301
123,123456,2016-07-04,AG0301
124,123456,2016-08-10,OG3301
125,123456,2016-04-12,BG0301
126,123456,2016-06-23,LG0301
127,123456,2016-11-15,OG3301
128,123456,2016-08-05,MG0301
129,123456,2016-03-08,BG0301
130,123456,2016-05-27,OG2301
131,123456,2016-09-18,LG0301
132,123456,2016-10-22,BG0301
133,123456,2016-08-05,WG0301
134,123456,2016-02-17,KG0301
135,123456,2016-08-19,BG0301
136,123456,2016-08-02,OG2301
137,123456,2016-06-01,OG2301
138,123456,2016-11-05,BG0301
139,123456,2016-05-03,OG3301
140,123456,2016-05-14,LG0301
141,123456,2016-09-25,BG0301
142,123456,2016-06-11,BG0301
143,123456,2016-12-08,BG0301
144,123456,2016-03-23,AG0301
145,123456,2016-09-26,OG2301
146,123456,2016-07-04,OG2301
147,123456,2016-09-05,KG0301
148,123456,2016-12-22,AG0301
149,123456,2016-04-15,LEG0000
150,123456,2016-06-18,OG2301
151,123456,2016-11-23,OG3301
152,123456,2016-10-14,MG0301
153,123456,2016-02-08,AG0301
154,123456,2016-06-07,KG0301
155,123456,2016-12-21,LEG0000
156,123456,2016-07-11,MG0301
157,123456,2016-08-15,MG0301
158,123456,2016-02-05,KG0301
159,123456,2016-04-11,BG0301
160,123456,2016-09-19,OG3301
161,123456,2016-01-16,AG0301
162,123456,2016-10-28,MG0301
163,123456,2016-09-23,AG0301
164,123456,2016-01-22,AG0301
165,123456,2016-12-13,MG0301
166,123456,2016-11-18,OG3301
167,123456,2016-12-24,OG1301
168,123456,2016-01-11,BG0301
169,123456,2016-09-27,LEG0000
170,123456,2016-02-11,MG0301
171,123456,2016-02-16,OG3301
172,123456,2016-03-26,MG0301
173,123456,2016-09-11,LEG0000
174,123456,2016-07-21,LG0301
175,123456,2016-06-13,BG0301
176,123456,2016-03-12,WG0301
177,123456,2016-06-04,BG0301
178,123456,2016-04-09,OG3301
179,123456,2016-12-03,BG0301
180,123456,2016-04-01,BG0301
181,123456,2016-09-19,BG0301
182,123456,2016-01-21,OG1301
183,123456,2016-04-22,KG0301
184,123456,2016-06-20,KG0301
185,123456,2016-03-28,WG0301
186,123456,2016-02-26,MG0301
187,123456,2016-03-20,OG3301
188,123456,2016-08-08,LEG0000
189,123456,2016-10-18,BG0301
190,123456,2016-06-05,LEG0000
191,123456,2016-05-05,WG0301
192,123456,2016-12-17,BG0301
193,123456,2016-06-13,OG1301
194,123456,2016-09-04,MG0301
195,123456,2016-09-20,LG0301
196,123456,2016-09-24,MG0301
197,123456,2016-04-28,AG0301
198,123456,2016-05-08,WG0301
199,123456,2016-06-17,BG0301
200,123456,2016-09-22,MG0301
201,123456,2016-02-04,OG1301
202,123456,2016-02-16,AG0301
203,123456,2016-09-22,KG0301
204,123456,2016-11-16,LEG0000
205,123456,2016-10-22,MG0301
206,123456,2016-06-07,AG0301
207,123456,2016-10-15,AG0301
208,123456,2016-07-16,OG1301
209,123456,2016-08-18,KG0301
210,123456,2016-09-12,WG0301
211,123456,2016-10-06,BG0301
212,123456,2016-05-14,LEG0000
213,123456,2016-07-17,AG0301
214,123456,2016-08-12,OG1301
215,123456,2016-01-05,KG0301
216,123456,2016-07-08,MG0301
217,123456,2016-05-28,KG0301
218,123456,2016-04-18,KG0301
219,123456,2016-07-07,LG0301
220,123456,2016-06-25,OG3301
221,123456,2016-07-26,OG2301
222,123456,2016-02-25,WG0301
223,123456,2016-02-08,LEG0000
224,123456,2016-08-25,LEG0000
225,123456,2016-03-21,AG0301
226,123456,2016-08-28,AG0301
227,123456,2016-02-07,OG2301
228,123456,2016-12-13,OG1301
229,123456,2016-09-21,LG0301
230,123456,2016-10-17,OG1301
231,123456,2016-02-05,LEG0000
232,123456,2016-06-10,LG0301
233,123456,2016-03-28,WG0301
234,123456,2016-02-05,LEG0000
235,123456,2016-12-20,AG0301
236,123456,2016-11-22,KG0301
237,123456,2016-07-14,LG0301
238,123456,2016-08-04,KG0301
239,123456,2016-05-02,MG0301
240,123456,2016-05-02,KG0301
241,123456,2016-05-03,OG3301
242,123456,2016-10-27,MG0301
243,123456,2016-04-05,OG3301
244,123456,2016-04-16,WG0301
245,123456,2016-02-14,OG2301
246,123456,2016-01-04,LEG0000
247,123456,2016-05-14,MG0301
248,123456,2016-02-06,WG0301
249,123456,2016-09-27,MG0301
250,123456,2016-10-08,OG2301
251,123456,2016-10-28,WG0301
252,123456,2016-10-28,BG0301
253,123456,2016-07-04,OG1301
254,123456,2016-04-01,BG0301
255,123456,2016-06-08,OG2301
256,123456,2016-03-21,LEG0000
257,123456,2016-11-19,OG1301
258,123456,2016-09-07,LG0301
259,123456,2016-08-14,OG1301
260,123456,2016-07-05,MG0301
261,123456,2016-11-20,OG2301
262,123456,2016-12-11,AG0301
263,123456,2016-10-08,LG0301
264,123456,2016-12-24,MG0301
265,123456,2016-10-03,LEG0000
266,123456,2016-12-26,MG0301
267,123456,2016-07-02,LG0301
268,123456,2016-03-12,WG0301
269,123456,2016-12-26,LEG0000
270,123456,2016-11-08,WG0301
271,123456,2016-02-28,AG0301
272,123456,2016-05-27,WG0301
273,123456,2016-08-25,OG2301
274,123456,2016-03-13,AG0301
275,123456,2016-08-21,OG3301
276,123456,2016-10-18,OG3301
277,123456,2016-01-03,OG1301
278,123456,2016-12-14,MG0301
279,123456,2016-10-09,OG3301
280,123456,2016-07-19,MG0301
281,123456,2016-10-28,WG0301
282,123456,2016-06-05,OG3301
283,123456,2016-12-10,MG0301
284,123456,2016-04-15,AG0301
285,123456,2016-01-17,KG0301
286,123456,2016-08-10,WG0301
287,123456,2016-02-23,MG0301
288,123456,2016-08-19,OG1301
289,123456,2016-01-02,LEG0000
290,123456,2016-05-26,OG3301
291,123456,2016-08-12,OG3301
292,123456,2016-12-10,MG0301
293,123456,2016-01-11,OG2301
294,123456,2016-06-07,KG0301
295,123456,2016-07-05,LEG0000
296,123456,2016-09-28,OG2301
297,123456,2016-05-18,OG2301
298,123456,2016-08-23,LEG0000
299,123456,2016-01-12,LEG0000
300,123456,2016-01-24,MG0301
301,123456,2016-06-07,LEG0000
302,123456,2016-12-08,LG0301
303,123456,2016-09-16,LG0301
304,123456,2016-07-08,LEG0000
305,123456,2016-03-26,LG0301
306,123456,2016-03-19,OG3301
307,123456,2016-07-25,OG2301
308,123456,2016-02-09,OG2301
309,123456,2016-01-17,LEG0000
310,123456,2016-01-08,OG2301
311,123456,2016-07-23,OG2301
312,123456,2016-03-23,MG0301
313,123456,2016-09-06,AG0301
314,123456,2016-09-21,WG0301
315,123456,2016-05-27,AG0301
316,123456,2016-05-08,BG0301
317,123456,2016-07-02,WG0301
318,123456,2016-07-03,AG0301
319,123456,2016-10-11,WG0301
320,123456,2016-09-05,WG0301
321,123456,2016-05-26,KG0301
322,123456,2016-08-24,BG0301
323,123456,2016-10-05,KG0301
324,123456,2016-01-01,AG0301
325,123456,2016-09-23,OG2301
326,123456,2016-12-14,AG0301
327,123456,2016-03-05,MG0301
328,123456,2016-02-18,LEG0000
329,123456,2016-04-25,AG0301
330,123456,2016-08-08,AG0301
331,123456,2016-12-22,BG0301
332,123456,2016-11-04,OG2301
333,123456,2016-08-07,LEG0000
334,123456,2016-06-03,BG0301
335,123456,2016-09-15,KG0301
336,123456,2016-04-13,LEG0000
337,123456,2016-11-09,MG0301
338,123456,2016-10-12,BG0301
339,123456,2016-09-06,LG0301
340,123456,2016-05-27,OG2301
341,123456,2016-08-04,WG0301
342,123456,2016-03-15,OG1301
343,123456,2016-10-14,MG0301
344,123456,2016-08-13,LEG0000
345,123456,2016-06-21,AG0301
346,123456,2016-05-17,MG0301
347,123456,2016-12-09,KG0301
348,123456,2016-05-03,OG1301
349,123456,2016-04-24,OG1301
350,123456,2016-01-25,MG0301
351,123456,2016-11-19,MG0301
352,123456,2016-12-21,LG0301
353,123456,2016-06-01,OG2301
354,123456,2016-12-07,KG0301
355,123456,2016-03-12,KG0301
356,123456,2016-10-05,KG0301
357,123456,2016-12-17,LG0301
358,123456,2016-08-01,MG0301
359,123456,2016-04-19,LG0301
360,123456,2016-04-04,BG0301
361,123456,2016-03-08,OG1301
362,123456,2016-05-25,OG2301
363,123456,2016-03-28,OG1301
364,123456,2016-03-02,LEG0000
365,123456,2016-09-22,LEG0000
366,123456,2016-02-24,OG1301
367,123456,2016-06-04,OG3301
368,123456,2016-11-04,OG3301
369,123456,2016-04-01,WG0301
370,123456,2016-07-27,LG0301
371,123456,2016-05-19,MG0301
372,123456,2016-11-26,OG1301
373,123456,2016-10-13,OG3301
374,123456,2016-12-12,WG0301
375,123456,2016-01-22,LG0301
376,123456,2016-01-06,LG0301
377,123456,2016-02-05,BG0301
378,123456,2016-07-13,AG0301
379,123456,2016-05-28,MG0301
380,123456,2016-11-12,MG0301
381,123456,2016-12-01,LG0301
382,123456,2016-09-14,AG0301
383,123456,2016-01-10,MG0301
384,123456,2016-11-21,MG0301
385,123456,2016-01-26,LEG0000
386,123456,2016-10-12,OG1301
387,123456,2016-04-16,OG3301
388,123456,2016-12-06,OG3301
389,123456,2016-02-12,LG0301
390,123456,2016-08-05,MG0301
391,123456,2016-10-05,WG0301
392,123456,2016-09-24,OG2301
393,123456,2016-01-21,LEG0000
394,123456,2016-06-23,OG2301
395,123456,2016-07-23,AG0301
396,123456,2016-03-04,WG0301
397,123456,2016-08-11,MG0301
398,123456,2016-11-21,LG0301
399,123456,2016-07-19,WG0301
400,123456,2016-03-03,OG3301
401,123456,2016-05-26,MG0301
402,123456,2016-12-09,BG0301
403,123456,2016-04-05,LG0301
404,123456,2016-05-10,OG2301
405,123456,2016-10-20,LG0301
406,123456,2016-01-16,LG0301
407,123456,2016-11-18,AG0301
408,123456,2016-10-08,BG0301
409,123456,2016-06-18,LEG0000
410,123456,2016-05-23,AG0301
411,123456,2016-10-21,KG0301
412,123456,2016-02-09,OG2301
413,123456,2016-11-15,WG0301
414,123456,2016-07-11,OG2301
415,123456,2016-02-23,LG0301
416,123456,2016-04-26,WG0301
417,123456,2016-03-22,KG0301
418,123456,2016-01-08,KG0301
419,123456,2016-01-03,OG2301
420,123456,2016-12-04,KG0301
421,123456,2016-10-09,LEG0000
422,123456,2016-04-04,LEG0000
423,123456,2016-05-07,MG0301
424,123456,2016-02-12,AG0301
425,123456,2016-01-26,BG0301
426,123456,2016-10-03,OG2301
427,123456,2016-05-08,LEG0000
428,123456,2016-09-09,AG0301
429,123456,2016-01-23,MG0301
430,123456,2016-02-16,OG2301
431,123456,2016-02-10,OG2301
432,123456,2016-01-06,WG0301
433,123456,2016-12-03,KG0301
434,123456,2016-05-07,WG0301
435,123456,2016-09-10,AG0301
436,123456,2016-04-14,BG0301
437,123456,2016-04-05,OG2301
438,123456,2016-04-02,MG0301
439,123456,2016-03-20,BG0301
440,123456,2016-01-14,KG0301
441,123456,2016-01-23,OG3301
442,123456,2016-01-25,WG0301
443,123456,2016-12-05,OG1301
444,123456,2016-04-11,KG0301
445,123456,2016-01-26,OG2301
446,123456,2016-07-20,LG0301
447,123456,2016-04-23,BG0301
448,123456,2016-01-23,KG0301
449,123456,2016-01-07,OG1301
450,123456,2016-10-25,AG0301
451,123456,2016-12-16,LEG0000
452,123456,2016-03-01,WG0301
453,123456,2016-01-05,AG0301
454,123456,2016-04-19,LEG0000
455,123456,2016-05-22,OG3301
456,123456,2016-12-03,OG2301
457,123456,2016-10-26,LG0301
458,123456,2016-10-02,KG0301
459,123456,2016-01-04,LEG0000
460,123456,2016-05-24,OG1301
461,123456,2016-04-28,AG0301
462,123456,2016-12-26,BG0301
463,123456,2016-06-16,OG2301
464,123456,2016-05-20,AG0301
465,123456,2016-02-22,OG1301
466,123456,2016-06-16,OG2301
467,123456,2016-12-28,AG0301
468,123456,2016-11-01,WG0301
469,123456,2016-06-15,OG2301
470,123456,2016-11-03,MG0301
471,123456,2016-04-08,WG0301
472,123456,2016-04-11,OG1301
473,123456,2016-04-14,WG0301
474,123456,2016-11-09,BG0301
475,123456,2016-05-27,OG1301
476,123456,2016-08-16,MG0301
477,123456,2016-01-13,BG0301
478,123456,2016-06-01,OG2301
479,123456,2016-07-25,AG0301
480,123456,2016-06-12,LG0301
481,123456,2016-07-17,OG1301
482,123456,2016-08-15,MG0301
483,123456,2016-01-15,BG0301
484,123456,2016-03-19,OG1301
485,123456,2016-01-27,OG1301
486,123456,2016-05-20,LG0301
487,123456,2016-10-24,MG0301
488,123456,2016-08-21,KG0301
489,123456,2016-07-19,MG0301
490,123456,2016-12-12,AG0301
491,123456,2016-07-08,KG0301
492,123456,2016-03-09,KG0301
493,123456,2016-07-18,OG2301
494,123456,2016-05-05,OG1301
495,123456,2016-12-17,OG3301
496,123456,2016-09-21,OG2301
497,123456,2016-11-06,WG0301
498,123456,2016-10-27,OG2301
499,123456,2016-06-22,MG0301
500,123456,2016-08-02,OG1301
501,123456,2016-11-10,MG0301
502,123456,2016-03-05,OG1301
503,123456,2016-01-11,KG0301
504,123456,2016-02-06,MG0301
505,123456,2016-12-06,LG0301
506,123456,2016-01-22,KG0301
507,123456,2016-08-20,OG3301
508,123456,2016-08-28,KG0301
509,123456,2016-10-16,KG0301
510,123456,2016-03-18,LEG0000
511,123456,2016-11-25,OG3301
512,123456,2016-07-20,LEG0000
513,123456,2016-08-01,BG0301
514,123456,2016-04-05,OG3301
515,123456,2016-11-09,AG0301
516,123456,2016-05-28,LEG0000
517,123456,2016-11-09,LEG0000
518,123456,2016-06-21,WG0301
519,123456,2016-10-13,OG1301
520,123456,2016-06-05,OG2301
521,123456,2016-10-02,MG0301
522,123456,2016-04-07,OG2301
523,123456,2016-03-05,LG0301
524,123456,2016-04-02,LEG0000
525,123456,2016-02-03,LG0301
526,123456,2016-09-22,BG0301
527,123456,2016-03-19,WG0301
528,123456,2016-08-26,OG2301
529,123456,2016-04-19,OG2301
530,123456,2016-07-26,MG0301
531,123456,2016-09-20,OG2301
532,123456,2016-08-23,WG0301
533,123456,2016-08-27,OG2301
534,123456,2016-06-25,MG0301
535,123456,2016-02-17,BG0301
536,123456,2016-07-04,WG0301
537,123456,2016-03-02,OG3301
538,123456,2016-09-21,BG0301
539,123456,2016-01-18,OG1301
540,123456,2016-02-14,OG2301
541,123456,2016-05-26,LEG0000
542,123456,2016-12-10,BG0301
543,123456,2016-07-07,OG1301
544,123456,2016-03-13,LG0301
545,123456,2016-09-01,BG0301
546,123456,2016-02-27,OG1301
547,123456,2016-06-13,OG1301
548,123456,2016-09-15,WG0301
549,123456,2016-05-24,LEG0000
550,123456,2016-11-24,WG0301
551,123456,2016-07-21,LG0301
552,123456,2016-01-02,LEG0000
553,123456,2016-09-19,LG0301
554,123456,2016-09-12,OG3301
555,123456,2016-07-28,LEG0000
556,123456,2016-01-20,LEG0000
557,123456,2016-07-26,BG0301
558,123456,2016-11-12,LEG0000
559,123456,2016-08-07,OG2301
560,123456,2016-10-24,MG0301
561,123456,2016-09-01,LG0301
562,123456,2016-01-23,OG2301
563,123456,2016-06-09,OG3301
564,123456,2016-04-05,BG0301
565,123456,2016-03-17,BG0301
566,123456,2016-02-24,AG0301
567,123456,2016-08-04,OG1301
568,123456,2016-05-21,OG3301
569,123456,2016-07-19,OG1301
570,123456,2016-02-08,OG1301
571,123456,2016-10-10,KG0301
572,123456,2016-06-21,WG0301
573,123456,2016-04-06,LEG0000
574,123456,2016-02-09,WG0301
575,123456,2016-02-19,LEG0000
576,123456,2016-11-24,OG2301
577,123456,2016-05-15,OG2301
578,123456,2016-11-17,KG0301
579,123456,2016-04-25,LEG0000
580,123456,2016-09-22,OG3301
581,123456,2016-08-06,MG0301
582,123456,2016-10-14,MG0301
583,123456,2016-01-24,OG1301
584,123456,2016-05-14,OG1301
585,123456,2016-10-18,LG0301
586,123456,2016-02-28,AG0301
587,123456,2016-10-18,BG0301
588,123456,2016-07-03,WG0301
589,123456,2016-02-09,LEG0000
590,123456,2016-11-13,OG1301
591,123456,2016-03-12,BG0301
592,123456,2016-07-01,OG3301
593,123456,2016-08-21,BG0301
594,123456,2016-10-04,LEG0000
595,123456,2016-06-12,MG0301
596,123456,2016-04-24,BG0301
597,123456,2016-02-12,OG2301
598,123456,2016-12-18,KG0301
599,123456,2016-05-16,MG0301
600,123456,2016-05-23,KG0301
601,123456,2016-10-18,KG0301
602,123456,2016-09-05,BG0301
603,123456,2016-07-09,LG0301
604,123456,2016-09-27,BG0301
605,123456,2016-08-15,AG0301
606,123456,2016-06-25,OG2301
607,123456,2016-07-09,AG0301
608,123456,2016-07-01,WG0301
609,123456,2016-10-27,AG0301
610,123456,2016-08-03,WG0301
611,123456,2016-11-04,WG0301
612,123456,2016-06-05,MG0301
613,123456,2016-10-02,KG0301
614,123456,2016-11-28,MG0301
615,123456,2016-08-28,LG0301
616,123456,2016-12-14,OG3301
617,123456,2016-12-12,LG0301
618,123456,2016-06-28,LG0301
619,123456,2016-11-21,MG0301
620,123456,2016-10-17,LEG0000
621,123456,2016-09-11,AG0301
622,123456,2016-05-20,OG2301
623,123456,2016-09-08,BG0301
624,123456,2016-06-20,OG3301
625,123456,2016-11-05,LG0301
626,123456,2016-11-20,LG0301
627,123456,2016-07-10,KG0301
628,123456,2016-08-06,OG3301
629,123456,2016-05-03,LEG0000
630,123456,2016-02-16,AG0301
631,123456,2016-07-13,BG0301
632,123456,2016-10-25,AG0301
633,123456,2016-08-28,BG0301
634,123456,2016-02-27,BG0301
635,123456,2016-12-20,LG0301
636,123456,2016-06-20,OG3301
637,123456,2016-02-13,WG0301
638,123456,2016-02-25,LEG0000
639,123456,2016-06-04,OG1301
640,123456,2016-08-22,KG0301
641,123456,2016-10-03,AG0301
642,123456,2016-03-21,OG2301
643,123456,2016-11-10,LG0301
644,123456,2016-02-11,AG0301
645,123456,2016-08-21,OG2301
646,123456,2016-01-08,MG0301
647,123456,2016-08-02,KG0301
648,123456,2016-05-18,LEG0000
649,123456,2016-09-27,MG0301
650,123456,2016-03-24,WG0301
651,123456,2016-10-06,LG0301
652,123456,2016-09-06,KG0301
653,123456,2016-10-05,WG0301
654,123456,2016-10-02,WG0301
655,123456,2016-04-02,LEG0000
656,123456,2016-07-09,LG0301
657,123456,2016-08-15,LEG0000
658,123456,2016-10-18,OG3301
659,123456,2016-12-17,OG3301
660,123456,2016-10-07,BG0301
661,123456,2016-02-09,OG2301
662,123456,2016-09-26,OG3301
663,123456,2016-12-24,BG0301
664,123456,2016-12-04,KG0301
665,123456,2016-01-23,LEG0000
666,123456,2016-12-28,BG0301
667,123456,2016-08-13,OG3301
668,123456,2016-11-01,LEG0000
669,123456,2016-01-28,OG2301
670,123456,2016-07-20,AG0301
671,123456,2016-07-08,MG0301
672,123456,2016-11-27,OG2301
673,123456,2016-01-04,LEG0000
674,123456,2016-03-02,OG3301
675,123456,2016-08-27,OG1301
676,123456,2016-07-26,LEG0000
677,123456,2016-08-21,OG1301
678,123456,2016-09-27,WG0301
679,123456,2016-10-28,OG2301
680,123456,2016-05-16,BG0301
681,123456,2016-02-02,OG3301
682,123456,2016-10-20,LEG0000
683,123456,2016-02-11,OG2301
684,123456,2016-08-21,LG0301
685,123456,2016-07-04,KG0301
686,123456,2016-01-20,OG3301
687,123456,2016-07-08,WG0301
688,123456,2016-05-24,MG0301
689,123456,2016-06-16,OG2301
690,123456,2016-04-11,MG0301
691,123456,2016-06-21,LG0301
692,123456,2016-02-24,LG0301
693,123456,2016-05-22,AG0301
694,123456,2016-01-28,MG0301
695,123456,2016-02-16,MG0301
696,123456,2016-06-23,BG0301
697,123456,2016-11-17,LEG0000
698,123456,2016-09-05,KG0301
699,123456,2016-02-17,OG2301
700,123456,2016-02-11,LG0301
701,123456,2016-09-23,BG0301
702,123456,2016-04-12,KG0301
703,123456,2016-02-02,WG0301
704,123456,2016-03-24,BG0301
705,123456,2016-05-03,OG3301
706,123456,2016-04-04,LEG0000
707,123456,2016-03-05,OG3301
708,123456,2016-01-13,LEG0000
709,123456,2016-12-27,OG3301
710,123456,2016-09-03,WG0301
711,123456,2016-03-14,KG0301
712,123456,2016-04-13,LEG0000
713,123456,2016-11-03,OG1301
714,123456,2016-10-27,MG0301
715,123456,2016-04-02,LG0301
716,123456,2016-03-08,AG0301
717,123456,2016-06-12,BG0301
718,123456,2016-12-12,AG0301
719,123456,2016-07-23,LEG0000
720,123456,2016-02-23,KG0301
721,123456,2016-07-25,OG1301
722,123456,2016-12-12,LG0301
723,123456,2016-08-22,OG2301
724,123456,2016-01-21,KG0301
725,123456,2016-05-05,OG2301
726,123456,2016-11-28,OG3301
727,123456,2016-08-13,OG2301
728,123456,2016-08-02,MG0301
729,123456,2016-06-05,KG0301
730,123456,2016-04-22,BG0301
731,123456,2016-11-14,AG0301
732,123456,2016-12-22,WG0301
733,123456,2016-09-11,OG3301
734,123456,2016-11-24,OG2301
735,123456,2016-07-22,LG0301
736,123456,2016-11-01,OG2301
737,123456,2016-12-27,MG0301
738,123456,2016-08-27,AG0301
739,123456,2016-04-12,LG0301
740,123456,2016-03-15,LEG0000
741,123456,2016-11-24,AG0301
742,123456,2016-07-08,WG0301
743,123456,2016-04-15,LEG0000
744,123456,2016-07-22,MG0301
745,123456,2016-03-12,MG0301
746,123456,2016-02-28,BG0301
747,123456,2016-09-28,LEG0000
748,123456,2016-01-22,WG0301
749,123456,2016-01-25,BG0301
750,123456,2016-10-15,KG0301
751,123456,2016-11-12,OG3301
752,123456,2016-10-23,LG0301
753,123456,2016-07-22,MG0301
754,123456,2016-01-19,LEG0000
755,123456,2016-03-28,OG3301
756,123456,2016-02-15,OG2301
757,123456,2016-01-04,LEG0000
758,123456,2016-06-21,BG0301
759,123456,2016-04-09,AG0301
760,123456,2016-01-26,LG0301
761,123456,2016-01-17,MG0301
762,123456,2016-03-27,KG0301
763,123456,2016-09-06,OG1301
764,123456,2016-03-08,LEG0000
765,123456,2016-12-26,LG0301
766,123456,2016-05-19,BG0301
767,123456,2016-08-15,OG1301
768,123456,2016-11-19,OG1301
769,123456,2016-09-10,BG0301
770,123456,2016-04-27,BG0301
771,123456,2016-03-28,LG0301
772,123456,2016-12-10,KG0301
773,123456,2016-11-27,OG2301
774,123456,2016-11-28,LEG0000
775,123456,2016-04-27,OG3301
776,123456,2016-08-01,OG1301
777,123456,2016-09-25,OG3301
778,123456,2016-10-23,OG2301
779,123456,2016-03-28,OG1301
780,123456,2016-03-13,OG2301
781,123456,2016-11-13,MG0301
782,123456,2016-03-27,LEG0000
783,123456,2016-04-09,OG2301
784,123456,2016-05-24,OG3301
785,123456,2016-03-14,BG0301
786,123456,2016-02-20,OG2301
787,123456,2016-04-24,OG1301
788,123456,2016-12-27,OG2301
789,123456,2016-10-26,AG0301
790,123456,2016-01-09,LG0301
791,123456,2016-05-02,WG0301
792,123456,2016-11-25,OG1301
793,123456,2016-01-19,AG0301
794,123456,2016-07-26,LG0301
795,123456,2016-04-02,KG0301
796,123456,2016-08-11,BG0301
797,123456,2016-12-08,LEG0000
798,123456,2016-06-27,LEG0000
799,123456,2016-10-02,OG1301
800,123456,2016-02-20,WG0301
801,123456,2016-03-07,BG0301
802,123456,2016-05-26,KG0301
803,123456,2016-10-01,MG0301
804,123456,2016-04-14,WG0301
805,123456,2016-12-06,OG1301
806,123456,2016-02-22,OG2301
807,123456,2016-01-07,KG0301
808,123456,2016-01-16,BG0301
809,123456,2016-05-20,BG0301
810,123456,2016-10-16,BG0301
811,123456,2016-12-20,BG0301
812,123456,2016-06-28,KG0301
813,123456,2016-10-09,KG0301
814,123456,2016-07-16,WG0301
815,123456,2016-06-04,LG0301
816,123456,2016-01-10,MG0301
817,123456,2016-06-22,WG0301
818,123456,2016-12-07,OG1301
819,123456,2016-02-01,WG0301
820,123456,2016-08-08,LG0301
821,123456,2016-02-04,OG1301
822,123456,2016-05-03,WG0301
823,123456,2016-11-26,KG0301
824,123456,2016-11-10,LEG0000
825,123456,2016-05-19,KG0301
826,123456,2016-07-22,OG3301
827,123456,2016-06-25,WG0301
828,123456,2016-11-03,BG0301
829,123456,2016-03-10,AG0301
830,123456,2016-10-17,LEG0000
831,123456,2016-08-21,WG0301
832,123456,2016-09-01,AG0301
833,123456,2016-03-15,OG3301
834,123456,2016-03-20,AG0301
835,123456,2016-04-09,MG0301
836,123456,2016-04-12,LG0301
837,123456,2016-08-18,AG0301
838,123456,2016-08-22,LEG0000
839,123456,2016-02-08,LG0301
840,123456,2016-06-24,LEG0000
841,123456,2016-10-22,OG1301
842,123456,2016-12-09,AG0301
843,123456,2016-01-14,MG0301
844,123456,2016-04-21,KG0301
845,123456,2016-08-12,KG0301
846,123456,2016-09-15,OG2301
847,123456,2016-12-24,BG0301
848,123456,2016-06-06,LG0301
849,123456,2016-05-26,AG0301
850,123456,2016-02-19,WG0301
851,123456,2016-07-10,LEG0000
852,123456,2016-07-16,OG2301
853,123456,2016-01-05,OG2301
854,123456,2016-06-28,MG0301
855,123456,2016-04-13,LG0301
856,123456,2016-07-18,KG0301
857,123456,2016-07-22,KG0301
858,123456,2016-10-12,AG0301
859,123456,2016-02-14,WG0301
860,123456,2016-09-14,MG0301
861,123456,2016-05-19,MG0301
862,123456,2016-06-27,BG0301
863,123456,2016-04-15,LG0301
864,123456,2016-03-09,OG3301
865,123456,2016-09-10,BG0301
866,123456,2016-08-25,LG0301
867,123456,2016-05-03,AG0301
868,123456,2016-11-27,LEG0000
869,123456,2016-09-07,LEG0000
870,123456,2016-04-07,WG0301
871,123456,2016-10-10,OG1301
872,123456,2016-07-28,LG0301
873,123456,2016-02-08,WG0301
874,123456,2016-07-16,OG2301
875,123456,2016-02-24,WG0301
876,123456,2016-07-09,WG0301
877,123456,2016-11-17,MG0301
878,123456,2016-05-04,LG0301
879,123456,2016-07-25,OG3301
880,123456,2016-01-01,LEG0000
881,123456,2016-10-11,OG2301
882,123456,2016-07-28,MG0301
883,123456,2016-10-24,WG0301
884,123456,2016-09-18,WG0301
885,123456,2016-04-14,LG0301
886,123456,2016-04-08,LEG0000
887,123456,2016-03-26,OG3301
888,123456,2016-05-02,WG0301
889,123456,2016-02-25,OG2301
890,123456,2016-06-26,KG0301
891,123456,2016-09-20,BG0301
892,123456,2016-02-14,LG0301
893,123456,2016-10-23,OG3301
894,123456,2016-12-23,KG0301
895,123456,2016-08-01,KG0301
896,123456,2016-09-12,BG0301
897,123456,2016-04-24,KG0301
898,123456,2016-01-01,OG3301
899,123456,2016-10-24,OG3301
900,123456,2016-02-28,OG1301
901,123456,2016-02-16,OG3301
902,123456,2016-02-04,KG0301
903,123456,2016-04-10,OG1301
904,123456,2016-03-04,WG0301
905,123456,2016-10-14,MG0301
906,123456,2016-04-27,OG3301
907,123456,2016-10-11,WG0301
908,123456,2016-03-11,AG0301
909,123456,2016-11-21,LEG0000
910,123456,2016-02-24,MG0301
911,123456,2016-05-05,WG0301
912,123456,2016-07-20,KG0301
913,123456,2016-08-14,KG0301
914,123456,2016-04-15,OG2301
915,123456,2016-09-28,MG0301
916,123456,2016-03-28,BG0301
917,123456,2016-04-15,WG0301
918,123456,2016-05-03,MG0301
919,123456,2016-05-10,LEG0000
920,123456,2016-03-04,OG3301
921,123456,2016-04-01,OG1301
922,123456,2016-02-22,LEG0000
923,123456,2016-11-27,OG1301
924,123456,2016-10-02,KG0301
925,123456,2016-12-08,OG2301
926,123456,2016-11-23,OG2301
927,123456,2016-04-14,KG0301
928,123456,2016-02-01,OG1301
929,123456,2016-07-05,LG0301
930,123456,2016-12-13,MG0301
931,123456,2016-09-19,LG0301
932,123456,2016-09-17,WG0301
933,123456,2016-10-27,OG3301
934,123456,2016-08-15,LG0301
935,123456,2016-09-12,WG0301
936,123456,2016-03-28,OG3301
937,123456,2016-08-14,OG3301
938,123456,2016-05-03,LG0301
939,123456,2016-11-05,LEG0000
940,123456,2016-04-10,LEG0000
941,123456,2016-10-15,BG0301
942,123456,2016-09-03,KG0301
943,123456,2016-08-27,BG0301
944,123456,2016-12-17,BG0301
945,123456,2016-11-06,KG0301
946,123456,2016-06-26,LG0301
947,123456,2016-02-19,MG0301
948,123456,2016-05-23,LEG0000
949,123456,2016-07-13,LEG0000
950,123456,2016-04-22,MG0301
951,123456,2016-09-13,OG3301
952,123456,2016-04-05,BG0301
953,123456,2016-11-10,OG1301
954,123456,2016-08-01,LG0301
955,123456,2016-06-19,LG0301
956,123456,2016-10-14,AG0301
957,123456,2016-01-23,OG1301
958,123456,2016-12-17,KG0301
959,123456,2016-04-04,LG0301
960,123456,2016-07-19,LG0301
961,123456,2016-05-07,OG3301
962,123456,2016-03-21,OG2301
963,123456,2016-11-28,OG3301
964,123456,2016-12-17,OG3301
965,123456,2016-06-16,MG0301
966,123456,2016-10-18,AG0301
967,123456,2016-10-05,AG0301
968,123456,2016-04-28,WG0301
969,123456,2016-06-28,MG0301
970,123456,2016-04-25,OG2301
971,123456,2016-10-15,MG0301
972,123456,2016-03-21,KG0301
973,123456,2016-04-10,LEG0000
974,123456,2016-05-09,BG0301
975,123456,2016-01-18,BG0301
976,123456,2016-01-01,WG0301
977,123456,2016-05-12,LG0301
978,123456,2016-08-18,OG3301
979,123456,2016-11-27,OG2301
980,123456,2016-07-16,WG0301
981,123456,2016-07-14,LG0301
982,123456,2016-11-13,LEG0000
983,123456,2016-01-08,LG0301
984,123456,2016-11-02,WG0301
985,123456,2016-11-03,LEG0000
986,123456,2016-07-26,OG1301
987,123456,2016-04-04,OG1301
988,123456,2016-11-13,LEG0000
989,123456,2016-08-15,BG0301
990,123456,2016-08-05,BG0301
991,123456,2016-10-16,WG0301
992,123456,2016-06-18,AG0301
993,123456,2016-08-26,LEG0000
994,123456,2016-10-05,BG0301
995,123456,2016-11-15,BG0301
996,123456,2016-12-06,OG1301
997,123456,2016-05-26,BG0301
998,123456,2016-02-04,BG0301
999,123456,2016-05-17,KG0301
1000,123456,2016-04-05,OG1301
1001,123456,2016-12-11,LEG0000
1002,123456,2016-01-27,OG2301
1003,123456,2016-08-27,AG0301
1004,123456,2016-09-22,WG0301
1005,123456,2016-02-25,OG2301
1006,123456,2016-11-28,OG2301
1007,123456,2016-09-26,LEG0000
1008,123456,2016-02-05,MG0301
1009,123456,2016-07-01,MG0301
1010,123456,2016-10-09,OG2301
1011,123456,2016-11-11,OG3301
1012,123456,2016-05-19,AG0301
1013,123456,2016-04-24,OG2301
1014,123456,2016-02-17,OG1301
1015,123456,2016-05-02,LEG0000
1016,123456,2016-10-11,KG0301
1017,123456,2016-07-12,OG1301
1018,123456,2016-06-09,LG0301
1019,123456,2016-10-23,AG0301
1020,123456,2016-06-26,KG0301
1021,123456,2016-11-08,KG0301
1022,123456,2016-07-12,OG1301
1023,123456,2016-02-16,MG0301
1024,123456,2016-12-04,MG0301
1025,123456,2016-07-28,OG3301
1026,123456,2016-05-01,MG0301
1027,123456,2016-01-03,AG0301
1028,123456,2016-04-15,OG1301
1029,123456,2016-08-09,OG3301
1030,123456,2016-11-16,OG3301
1031,123456,2016-12-24,OG1301
1032,123456,2016-02-20,OG3301
1033,123456,2016-09-23,AG0301
1034,123456,2016-04-24,OG3301
1035,123456,2016-12-08,OG2301
1036,123456,2016-09-01,KG0301
1037,123456,2016-10-03,AG0301
1038,123456,2016-01-19,AG0301
1039,123456,2016-12-14,AG0301
1040,123456,2016-05-15,AG0301
1041,123456,2016-09-13,AG0301
1042,123456,2016-09-20,WG0301
1043,123456,2016-01-26,BG0301
1044,123456,2016-09-27,BG0301
1045,123456,2016-02-02,LEG0000
1046,123456,2016-01-06,MG0301
1047,123456,2016-12-18,KG0301
1048,123456,2016-04-12,WG0301
1049,123456,2016-02-25,AG0301
1050,123456,2016-12-08,OG2301
1051,123456,2016-01-19,OG3301
1052,123456,2016-07-05,KG0301
1053,123456,2016-06-15,WG0301
1054,123456,2016-05-08,OG3301
1055,123456,2016-07-27,WG0301
1056,123456,2016-07-04,KG0301
1057,123456,2016-04-19,KG0301
1058,123456,2016-10-10,AG0301
1059,123456,2016-03-17,OG3301
1060,123456,2016-05-10,OG1301
1061,123456,2016-09-28,MG0301
1062,123456,2016-03-21,MG0301
1063,123456,2016-06-11,AG0301
1064,123456,2016-06-16,AG0301
1065,123456,2016-02-06,OG3301
1066,123456,2016-11-27,KG0301
1067,123456,2016-08-02,WG0301
1068,123456,2016-11-14,OG3301
1069,123456,2016-04-17,MG0301
1070,123456,2016-08-10,LEG0000
1071,123456,2016-04-21,KG0301
1072,123456,2016-11-02,KG0301
1073,123456,2016-11-17,OG3301
1074,123456,2016-10-27,OG2301
1075,123456,2016-01-08,KG0301
1076,123456,2016-07-21,OG3301
1077,123456,2016-04-20,OG1301
1078,123456,2016-09-02,BG0301
1079,123456,2016-05-18,LG0301
1080,123456,2016-11-27,AG0301
1081,123456,2016-08-17,OG3301
1082,123456,2016-09-28,LEG0000
1083,123456,2016-05-18,KG0301
1084,123456,2016-09-26,KG0301
1085,123456,2016-04-26,AG0301
1086,123456,2016-06-13,OG3301
1087,123456,2016-07-13,AG0301
1088,123456,2016-10-12,KG0301
1089,123456,2016-05-23,OG1301
1090,123456,2016-10-08,AG0301
1091,123456,2016-02-28,BG0301
1092,123456,2016-06-18,OG2301
1093,123456,2016-07-09,OG2301
1094,123456,2016-10-25,LG0301
1095,123456,2016-12-11,LEG0000
1096,123456,2016-12-12,BG0301
1097,123456,2016-04-25,BG0301
1098,123456,2016-07-11,KG0301
1099,123456,2016-07-19,MG0301
1100,123456,2016-07-18,LEG0000
1101,123456,2016-04-07,MG0301
1102,123456,2016-02-05,MG0301
1103,123456,2016-04-10,OG1301
1104,123456,2016-01-22,KG0301
1105,123456,2016-08-04,OG3301
1106,123456,2016-09-09,WG0301
1107,123456,2016-02-12,AG0301
1108,123456,2016-08-06,MG0301
1109,123456,2016-07-27,OG3301
1110,123456,2016-08-21,MG0301
1111,123456,2016-05-19,MG0301
1112,123456,2016-02-28,KG0301
1113,123456,2016-09-03,WG0301
1114,123456,2016-11-18,BG0301
1115,123456,2016-10-10,OG2301
1116,123456,2016-12-25,LEG0000
1117,123456,2016-03-23,MG0301
1118,123456,2016-10-21,LEG0000
1119,123456,2016-05-10,OG1301
1120,123456,2016-08-08,WG0301
1121,123456,2016-05-06,KG0301
1122,123456,2016-03-27,OG1301
1123,123456,2016-01-05,KG0301
1124,123456,2016-11-04,BG0301
1125,123456,2016-05-27,LEG0000
1126,123456,2016-07-27,LG0301
1127,123456,2016-10-14,MG0301
1128,123456,2016-05-12,LEG0000
1129,123456,2016-09-23,MG0301
1130,123456,2016-12-10,AG0301
1131,123456,2016-06-27,LG0301
1132,123456,2016-09-17,AG0301
1133,123456,2016-09-19,MG0301
1134,123456,2016-11-18,KG0301
1135,123456,2016-09-16,AG0301
1136,123456,2016-05-08,LG0301
1137,123456,2016-09-12,AG0301
1138,123456,2016-02-22,OG1301
1139,123456,2016-01-27,LG0301
1140,123456,2016-11-07,KG0301
1141,123456,2016-11-16,WG0301
1142,123456,2016-10-07,OG3301
1143,123456,2016-08-27,LG0301
1144,123456,2016-02-16,OG3301
1145,123456,2016-06-22,BG0301
1146,123456,2016-10-01,AG0301
1147,123456,2016-10-26,OG2301
1148,123456,2016-07-09,AG0301
1149,123456,2016-05-01,KG0301
1150,123456,2016-11-10,OG1301
1151,123456,2016-12-13,OG3301
1152,123456,2016-08-13,LG0301
1153,123456,2016-02-15,LG0301
1154,123456,2016-09-19,MG0301
1155,123456,2016-05-08,LG0301
1156,123456,2016-11-15,AG0301
1157,123456,2016-02-02,BG0301
1158,123456,2016-12-26,LG0301
1159,123456,2016-10-25,MG0301
1160,123456,2016-10-26,KG0301
1161,123456,2016-01-05,BG0301
1162,123456,2016-10-03,MG0301
1163,123456,2016-02-17,AG0301
1164,123456,2016-12-07,OG2301
1165,123456,2016-04-19,OG2301
1166,123456,2016-04-28,AG0301
1167,123456,2016-02-08,LG0301
1168,123456,2016-04-10,BG0301
1169,123456,2016-09-11,KG0301
1170,123456,2016-07-07,LG0301
1171,123456,2016-10-28,BG0301
1172,123456,2016-04-06,LEG0000
1173,123456,2016-02-25,LEG0000
1174,123456,2016-03-18,LEG0000
1175,123456,2016-09-13,MG0301
1176,123456,2016-02-16,LG0301
1177,123456,2016-08-18,OG1301
1178,123456,2016-09-07,AG0301
1179,123456,2016-11-04,OG3301
1180,123456,2016-05-23,LEG0000
1181,123456,2016-03-26,OG2301
1182,123456,2016-09-23,OG2301
1183,123456,2016-10-03,OG2301
1184,123456,2016-06-09,OG2301
1185,123456,2016-11-24,OG2301
1186,123456,2016-07-09,WG0301
1187,123456,2016-08-22,LG0301
1188,123456,2016-09-07,MG0301
1189,123456,2016-05-10,LEG0000
1190,123456,2016-05-01,KG0301
1191,123456,2016-12-27,LG0301
1192,123456,2016-01-25,OG2301
1193,123456,2016-04-26,MG0301
1194,123456,2016-08-09,OG3301
1195,123456,2016-10-25,LEG0000
1196,123456,2016-02-19,WG0301
1197,123456,2016-06-14,MG0301
1198,123456,2016-08-11,LG0301
1199,123456,2016-05-22,LEG0000
1200,123456,2016-08-20,LG0301
1201,123456,2016-07-11,LG0301
1202,123456,2016-05-28,LEG0000
1203,123456,2016-11-24,WG0301
1204,123456,2016-07-17,BG0301
1205,123456,2016-05-27,BG0301
1206,123456,2016-01-17,OG1301
1207,123456,2016-02-01,LEG0000
1208,123456,2016-07-22,OG2301
1209,123456,2016-05-08,OG1301
1210,123456,2016-08-07,OG3301
1211,123456,2016-11-10,LEG0000
1212,123456,2016-01-11,OG2301
1213,123456,2016-08-05,OG3301
1214,123456,2016-11-17,LG0301
1215,123456,2016-05-05,AG0301
1216,123456,2016-03-25,KG0301
1217,123456,2016-09-16,MG0301
1218,123456,2016-03-21,AG0301
1219,123456,2016-08-18,OG1301
1220,123456,2016-11-17,OG3301
1221,123456,2016-09-03,WG0301
1222,123456,2016-01-01,BG0301
1223,123456,2016-01-24,MG0301
1224,123456,2016-03-04,OG3301
1225,123456,2016-10-22,WG0301
1226,123456,2016-05-26,LEG0000
1227,123456,2016-01-12,OG2301
1228,123456,2016-01-22,KG0301
1229,123456,2016-05-02,KG0301
1230,123456,2016-10-23,LEG0000
1231,123456,2016-08-08,MG0301
1232,123456,2016-09-23,WG0301
1233,123456,2016-07-17,AG0301
1234,123456,2016-10-07,OG2301
1235,123456,2016-10-03,LG0301
1236,123456,2016-08-24,OG1301
1237,123456,2016-11-01,BG0301
1238,123456,2016-01-25,OG2301
1239,123456,2016-07-11,AG0301
1240,123456,2016-11-03,OG3301
1241,123456,2016-06-28,LEG0000
1242,123456,2016-07-09,OG3301
1243,123456,2016-01-02,OG1301
1244,123456,2016-10-26,MG0301
1245,123456,2016-10-26,AG0301
1246,123456,2016-10-12,BG0301
1247,123456,2016-06-09,KG0301
1248,123456,2016-01-23,OG2301
1249,123456,2016-09-16,WG0301
1250,123456,2016-06-13,BG0301
1251,123456,2016-12-11,LEG0000
1252,123456,2016-11-26,OG1301
1253,123456,2016-11-06,LG0301
1254,123456,2016-12-03,BG0301
1255,123456,2016-03-26,WG0301
1256,123456,2016-09-17,BG0301
1257,123456,2016-09-21,BG0301
1258,123456,2016-03-16,BG0301
1259,123456,2016-06-03,WG0301
1260,123456,2016-07-18,AG0301
1261,123456,2016-01-10,OG3301
1262,123456,2016-02-19,AG0301
1263,123456,2016-06-07,MG0301
1264,123456,2016-06-11,AG0301
1265,123456,2016-03-18,WG0301
1266,123456,2016-03-20,KG0301
1267,123456,2016-12-26,BG0301
1268,123456,2016-04-19,LG0301
1269,123456,2016-05-24,OG3301
1270,123456,2016-07-27,OG1301
1271,123456,2016-07-23,OG2301
1272,123456,2016-12-03,OG1301
1273,123456,2016-03-25,BG0301
1274,123456,2016-05-16,WG0301
1275,123456,2016-06-26,MG0301
1276,123456,2016-08-25,WG0301
1277,123456,2016-01-21,OG3301
1278,123456,2016-09-17,AG0301
1279,123456,2016-04-06,LG0301
1280,123456,2016-02-27,OG1301
1281,123456,2016-10-18,LG0301
1282,123456,2016-06-13,BG0301
1283,123456,2016-09-06,BG0301
1284,123456,2016-09-12,AG0301
1285,123456,2016-05-03,LG0301
1286,123456,2016-02-13,LEG0000
1287,123456,2016-08-28,MG0301
1288,123456,2016-01-24,AG0301
1289,123456,2016-09-12,OG1301
1290,123456,2016-12-21,OG3301
1291,123456,2016-09-24,AG0301
1292,123456,2016-05-05,KG0301
1293,123456,2016-09-07,OG1301
1294,123456,2016-03-24,LEG0000
1295,123456,2016-03-12,AG0301
1296,123456,2016-01-16,OG3301
1297,123456,2016-03-24,KG0301
1298,123456,2016-02-23,AG0301
1299,123456,2016-05-27,LG0301
1300,123456,2016-03-19,AG0301
1301,123456,2016-01-14,AG0301
1302,123456,2016-10-25,BG0301
1303,123456,2016-02-13,AG0301
1304,123456,2016-10-27,LEG0000
1305,123456,2016-09-22,OG3301
1306,123456,2016-11-10,KG0301
1307,123456,2016-10-15,BG0301
1308,123456,2016-10-27,OG3301
1309,123456,2016-02-07,OG2301
1310,123456,2016-08-19,LEG0000
1311,123456,2016-07-04,OG3301
1312,123456,2016-12-19,AG0301
1313,123456,2016-12-05,MG0301
1314,123456,2016-07-11,LEG0000
1315,123456,2016-09-03,OG2301
1316,123456,2016-08-23,OG3301
1317,123456,2016-10-27,OG3301
1318,123456,2016-05-10,BG0301
1319,123456,2016-01-17,MG0301
1320,123456,2016-09-01,KG0301
1321,123456,2016-07-27,LEG0000
1322,123456,2016-05-04,MG0301
1323,123456,2016-01-06,BG0301
1324,123456,2016-01-15,AG0301
1325,123456,2016-12-04,LG0301
1326,123456,2016-08-25,MG0301
1327,123456,2016-06-14,AG0301
1328,123456,2016-08-15,LG0301
1329,123456,2016-11-15,OG2301
1330,123456,2016-01-03,AG0301
1331,123456,2016-05-07,LG0301
1332,123456,2016-09-10,OG2301
1333,123456,2016-05-09,OG3301
1334,123456,2016-04-23,LEG0000
1335,123456,2016-07-15,LEG0000
1336,123456,2016-03-04,OG2301
1337,123456,2016-01-19,OG2301
1338,123456,2016-11-02,OG2301
1339,123456,2016-04-15,AG0301
1340,123456,2016-10-02,OG2301
1341,123456,2016-09-11,OG2301
1342,123456,2016-01-11,OG3301
1343,123456,2016-06-19,BG0301
1344,123456,2016-04-24,MG0301
1345,123456,2016-02-17,OG3301
1346,123456,2016-01-09,MG0301
1347,123456,2016-01-11,OG1301
1348,123456,2016-12-01,AG0301
1349,123456,2016-03-27,MG0301
1350,123456,2016-01-02,MG0301
1351,123456,2016-08-16,AG0301
1352,123456,2016-06-02,BG0301
1353,123456,2016-02-27,WG0301
1354,123456,2016-02-05,LEG0000
1355,123456,2016-01-27,OG2301
1356,123456,2016-09-21,LEG0000
1357,123456,2016-01-14,LG0301
1358,123456,2016-08-16,WG0301
1359,123456,2016-02-07,MG0301
1360,123456,2016-09-08,KG0301
1361,123456,2016-01-19,KG0301
1362,123456,2016-10-22,LG0301
1363,123456,2016-08-14,OG1301
1364,123456,2016-09-08,LEG0000
1365,123456,2016-11-27,BG0301
1366,123456,2016-03-09,MG0301
1367,123456,2016-05-21,OG1301
1368,123456,2016-11-07,OG3301
1369,123456,2016-02-24,WG0301
1370,123456,2016-01-16,BG0301
1371,123456,2016-01-04,LEG0000
1372,123456,2016-02-23,WG0301
1373,123456,2016-06-10,LEG0000
1374,123456,2016-02-26,OG2301
1375,123456,2016-01-08,LG0301
1376,123456,2016-02-03,LG0301
1377,123456,2016-03-26,OG3301
1378,123456,2016-02-18,OG2301
1379,123456,2016-02-12,OG2301
1380,123456,2016-12-17,AG0301
1381,123456,2016-11-04,KG0301
1382,123456,2016-02-27,WG0301
1383,123456,2016-11-18,LEG0000
1384,123456,2016-10-08,LG0301
1385,123456,2016-12-19,KG0301
1386,123456,2016-11-11,KG0301
1387,123456,2016-02-11,OG3301
1388,123456,2016-05-28,BG0301
1389,123456,2016-06-25,OG1301
1390,123456,2016-03-19,OG2301
1391,123456,2016-02-08,LEG0000
1392,123456,2016-09-12,WG0301
1393,123456,2016-08-09,LG0301
1394,123456,2016-02-12,AG0301
1395,123456,2016-11-15,LEG0000
1396,123456,2016-12-16,KG0301
1397,123456,2016-01-26,AG0301
1398,123456,2016-05-23,LEG0000
1399,123456,2016-07-22,OG1301
1400,123456,2016-01-22,AG0301
1401,123456,2016-09-06,OG1301
1402,123456,2016-04-27,BG0301
1403,123456,2016-06-18,AG0301
1404,123456,2016-06-19,OG3301
1405,123456,2016-11-15,AG0301
1406,123456,2016-06-18,MG0301
1407,123456,2016-04-11,WG0301
1408,123456,2016-10-26,AG0301
1409,123456,2016-06-24,MG0301
1410,123456,2016-08-01,MG0301
1411,123456,2016-05-21,OG1301
1412,123456,2016-11-07,MG0301
1413,123456,2016-09-28,WG0301
1414,123456,2016-01-25,OG1301
1415,123456,2016-12-20,OG3301
1416,123456,2016-11-20,OG2301
1417,123456,2016-02-07,OG2301
1418,123456,2016-03-10,WG0301
1419,123456,2016-05-24,OG3301
1420,123456,2016-12-13,LG0301
1421,123456,2016-06-20,OG1301
1422,123456,2016-02-08,KG0301
1423,123456,2016-10-17,LEG0000
1424,123456,2016-04-10,AG0301
1425,123456,2016-08-20,KG0301
1426,123456,2016-11-23,KG0301
1427,123456,2016-08-22,BG0301
1428,123456,2016-02-15,LG0301
1429,123456,2016-05-15,MG0301
1430,123456,2016-11-11,AG0301
1431,123456,2016-06-22,AG0301
1432,123456,2016-12-06,OG3301
1433,123456,2016-10-03,MG0301
1434,123456,2016-03-27,BG0301
1435,123456,2016-03-14,OG3301
1436,123456,2016-11-02,OG1301
1437,123456,2016-05-15,KG0301
1438,123456,2016-10-25,OG1301
1439,123456,2016-10-03,MG0301
1440,123456,2016-01-05,OG1301
1441,123456,2016-09-18,LG0301
1442,123456,2016-01-27,OG3301
1443,123456,2016-09-23,MG0301
1444,123456,2016-11-09,AG0301
1445,123456,2016-09-28,LEG0000
1446,123456,2016-07-08,BG0301
1447,123456,2016-11-25,WG0301
1448,123456,2016-07-08,LG0301
1449,123456,2016-01-02,OG3301
1450,123456,2016-06-26,OG1301
1451,123456,2016-06-10,WG0301
1452,123456,2016-06-15,MG0301
1453,123456,2016-03-05,OG3301
1454,123456,2016-06-22,OG2301
1455,123456,2016-08-27,AG0301
1456,123456,2016-06-11,LG0301
1457,123456,2016-05-25,OG2301
1458,123456,2016-11-26,KG0301
1459,123456,2016-11-05,LEG0000
1460,123456,2016-08-25,KG0301
1461,123456,2016-02-22,AG0301
1462,123456,2016-05-19,LEG0000
1463,123456,2016-04-21,MG0301
1464,123456,2016-09-01,OG3301
1465,123456,2016-07-05,WG0301
1466,123456,2016-03-28,MG0301
1467,123456,2016-04-22,MG0301
1468,123456,2016-11-01,WG0301
1469,123456,2016-08-20,AG0301
1470,123456,2016-07-04,LEG0000
1471,123456,2016-11-15,OG1301
1472,123456,2016-03-07,AG0301
1473,123456,2016-08-14,OG3301
1474,123456,2016-04-03,KG0301
1475,123456,2016-01-05,LG0301
1476,123456,2016-02-15,OG1301
1477,123456,2016-05-09,KG0301
1478,123456,2016-03-01,LG0301
1479,123456,2016-12-12,AG0301
1480,123456,2016-11-18,MG0301
1481,123456,2016-09-02,AG0301
1482,123456,2016-10-11,OG1301
1483,123456,2016-05-03,WG0301
1484,123456,2016-10-04,WG0301
1485,123456,2016-07-12,OG2301
1486,123456,2016-05-24,LG0301
1487,123456,2016-05-13,OG2301
1488,123456,2016-02-27,LG0301
1489,123456,2016-01-20,LG0301
1490,123456,2016-02-17,MG0301
1491,123456,2016-09-15,AG0301
1492,123456,2016-06-17,WG0301
1493,123456,2016-07-24,AG0301
1494,123456,2016-08-19,LEG0000
1495,123456,2016-07-04,AG0301
1496,123456,2016-07-26,BG0301
1497,123456,2016-10-18,LEG0000
1498,123456,2016-04-08,OG2301
1499,123456,2016-04-27,OG1301
1500,123456,2016-08-05,WG0301
1501,123456,2016-06-05,MG0301
1502,123456,2016-01-27,WG0301
1503,123456,2016-05-22,MG0301
1504,123456,2016-01-14,KG0301
1505,123456,2016-07-19,OG2301
1506,123456,2016-08-09,LG0301
1507,123456,2016-03-19,AG0301
1508,123456,2016-02-14,LEG0000
1509,123456,2016-07-01,LG0301
1510,123456,2016-06-23,OG3301
1511,123456,2016-05-01,OG1301
1512,123456,2016-05-08,BG0301
1513,123456,2016-04-17,LEG0000
1514,123456,2016-06-04,OG3301
1515,123456,2016-11-18,AG0301
1516,123456,2016-09-08,WG0301
1517,123456,2016-06-07,LG0301
1518,123456,2016-02-27,OG2301
1519,123456,2016-03-01,LEG0000
1520,123456,2016-02-05,OG3301
1521,123456,2016-11-19,BG0301
1522,123456,2016-07-23,MG0301
1523,123456,2016-01-11,OG1301
1524,123456,2016-09-23,OG3301
1525,123456,2016-05-13,OG2301
1526,123456,2016-07-13,BG0301
1527,123456,2016-02-08,LG0301
1528,123456,2016-03-16,OG2301
1529,123456,2016-03-09,KG0301
1530,123456,2016-07-21,OG3301
1531,123456,2016-05-20,AG0301
1532,123456,2016-10-10,LG0301
1533,123456,2016-06-19,AG0301
1534,123456,2016-06-28,KG0301
1535,123456,2016-09-01,BG0301
1536,123456,2016-01-15,LEG0000
1537,123456,2016-08-02,KG0301
1538,123456,2016-12-05,KG0301
1539,123456,2016-11-22,OG3301
1540,123456,2016-02-21,OG1301
1541,123456,2016-07-08,LG0301
1542,123456,2016-05-19,KG0301
1543,123456,2016-04-12,OG1301
1544,123456,2016-11-22,KG0301
1545,123456,2016-10-21,BG0301
1546,123456,2016-11-19,AG0301
1547,123456,2016-01-13,KG0301
1548,123456,2016-11-12,OG3301
1549,123456,2016-06-15,OG2301
1550,123456,2016-02-07,MG0301
1551,123456,2016-06-14,AG0301
1552,123456,2016-08-15,LEG0000
1553,123456,2016-12-09,OG1301
1554,123456,2016-08-04,LG0301
1555,123456,2016-04-18,LEG0000
1556,123456,2016-05-01,OG3301
1557,123456,2016-09-06,LEG0000
1558,123456,2016-09-08,OG2301
1559,123456,2016-10-21,MG0301
1560,123456,2016-01-02,OG3301
1561,123456,2016-02-15,WG0301
1562,123456,2016-06-02,MG0301
1563,123456,2016-12-06,AG0301
1564,123456,2016-09-25,OG2301
1565,123456,2016-11-19,BG0301
1566,123456,2016-12-11,AG0301
1567,123456,2016-02-03,LG0301
1568,123456,2016-02-07,KG0301
1569,123456,2016-07-17,OG3301
1570,123456,2016-03-02,OG3301
1571,123456,2016-03-26,KG0301
1572,123456,2016-01-06,OG3301
1573,123456,2016-01-03,AG0301
1574,123456,2016-09-09,MG0301
1575,123456,2016-04-23,OG3301
1576,123456,2016-09-02,LG0301
1577,123456,2016-02-25,OG3301
1578,123456,2016-10-25,WG0301
1579,123456,2016-01-10,LEG0000
1580,123456,2016-02-17,KG0301
1581,123456,2016-08-09,KG0301
1582,123456,2016-07-05,LEG0000
1583,123456,2016-03-17,WG0301
1584,123456,2016-06-12,LG0301
1585,123456,2016-11-07,MG0301
1586,123456,2016-04-14,MG0301
1587,123456,2016-09-10,OG3301
1588,123456,2016-08-08,LG0301
1589,123456,2016-08-16,WG0301
1590,123456,2016-08-25,AG0301
1591,123456,2016-04-27,OG2301
1592,123456,2016-11-13,BG0301
1593,123456,2016-05-18,AG0301
1594,123456,2016-01-22,OG3301
1595,123456,2016-11-10,LG0301
1596,123456,2016-11-08,KG0301
1597,123456,2016-11-28,OG3301
1598,123456,2016-04-05,LG0301
1599,123456,2016-03-04,OG2301
1600,123456,2016-12-18,OG3301
1601,123456,2016-06-04,KG0301
1602,123456,2016-07-16,MG0301
1603,123456,2016-12-23,KG0301
1604,123456,2016-12-01,OG3301
1605,123456,2016-06-18,BG0301
1606,123456,2016-08-05,KG0301
1607,123456,2016-07-06,OG1301
1608,123456,2016-06-09,OG1301
1609,123456,2016-03-15,OG1301
1610,123456,2016-01-02,WG0301
1611,123456,2016-07-26,OG1301
1612,123456,2016-04-19,MG0301
1613,123456,2016-10-23,LEG0000
1614,123456,2016-07-19,KG0301
1615,123456,2016-06-21,LEG0000
1616,123456,2016-06-05,LG0301
1617,123456,2016-09-22,OG2301
1618,123456,2016-09-21,KG0301
1619,123456,2016-05-10,OG2301
1620,123456,2016-11-02,LG0301
1621,123456,2016-10-20,KG0301
1622,123456,2016-04-20,OG1301
1623,123456,2016-07-13,WG0301
1624,123456,2016-10-28,BG0301
1625,123456,2016-07-08,OG2301
1626,123456,2016-04-06,LEG0000
1627,123456,2016-01-21,OG1301
1628,123456,2016-07-04,AG0301
1629,123456,2016-12-10,OG3301
1630,123456,2016-09-27,WG0301
1631,123456,2016-09-20,LG0301
1632,123456,2016-03-08,MG0301
1633,123456,2016-02-14,AG0301
1634,123456,2016-06-13,AG0301
1635,123456,2016-03-05,MG0301
1636,123456,2016-02-05,WG0301
1637,123456,2016-06-13,LEG0000
1638,123456,2016-01-28,MG0301
1639,123456,2016-06-24,OG3301
1640,123456,2016-01-22,OG1301
1641,123456,2016-10-10,OG2301
1642,123456,2016-01-17,AG0301
1643,123456,2016-07-20,LEG0000
1644,123456,2016-04-01,OG1301
1645,123456,2016-10-14,OG2301
1646,123456,2016-02-13,WG0301
1647,123456,2016-10-04,LEG0000
1648,123456,2016-09-28,OG3301
1649,123456,2016-06-17,KG0301
1650,123456,2016-02-04,WG0301
1651,123456,2016-01-25,BG0301
1652,123456,2016-07-22,KG0301
1653,123456,2016-05-05,MG0301
1654,123456,2016-03-10,LEG0000
1655,123456,2016-01-02,OG2301
1656,123456,2016-10-28,KG0301
1657,123456,2016-11-11,LEG0000
1658,123456,2016-02-24,WG0301
1659,123456,2016-02-01,BG0301
1660,123456,2016-03-09,AG0301
1661,123456,2016-11-14,OG3301
1662,123456,2016-09-18,MG0301
1663,123456,2016-07-19,OG3301
1664,123456,2016-02-27,AG0301
1665,123456,2016-11-06,WG0301
1666,123456,2016-01-04,KG0301
1667,123456,2016-02-25,OG3301
1668,123456,2016-09-03,KG0301
1669,123456,2016-05-12,OG2301
1670,123456,2016-06-22,WG0301
1671,123456,2016-03-05,WG0301
1672,123456,2016-08-14,LG0301
1673,123456,2016-02-18,BG0301
1674,123456,2016-12-16,WG0301
1675,123456,2016-02-08,AG0301
1676,123456,2016-11-24,BG0301
1677,123456,2016-03-02,LG0301
1678,123456,2016-10-09,LG0301
1679,123456,2016-12-03,OG2301
1680,123456,2016-01-03,OG1301
1681,123456,2016-08-23,KG0301
1682,123456,2016-05-20,KG0301
1683,123456,2016-11-24,OG3301
1684,123456,2016-01-04,OG3301
1685,123456,2016-04-19,OG2301
1686,123456,2016-06-06,LG0301
1687,123456,2016-07-20,KG0301
1688,123456,2016-11-02,MG0301
1689,123456,2016-09-11,WG0301
1690,123456,2016-10-25,LG0301
1691,123456,2016-05-03,OG3301
1692,123456,2016-04-13,LEG0000
1693,123456,2016-03-12,OG3301
1694,123456,2016-05-20,OG3301
1695,123456,2016-06-27,MG0301
1696,123456,2016-01-22,AG0301
1697,123456,2016-03-15,OG3301
1698,123456,2016-05-22,AG0301
1699,123456,2016-11-10,LEG0000
1700,123456,2016-10-02,OG1301
1701,123456,2016-06-16,MG0301
1702,123456,2016-06-17,AG0301
1703,123456,2016-02-09,KG0301
1704,123456,2016-05-22,KG0301
1705,123456,2016-10-07,OG3301
1706,123456,2016-04-06,WG0301
1707,123456,2016-03-18,OG3301
1708,123456,2016-05-13,LEG0000
1709,123456,2016-05-02,LEG0000
1710,123456,2016-10-01,OG2301
1711,123456,2016-09-18,OG3301
1712,123456,2016-08-02,OG1301
1713,123456,2016-10-28,AG0301
1714,123456,2016-03-13,MG0301
1715,123456,2016-01-01,LEG0000
1716,123456,2016-10-09,WG0301
1717,123456,2016-11-15,LG0301
1718,123456,2016-02-16,OG1301
1719,123456,2016-10-17,WG0301
1720,123456,2016-07-02,BG0301
1721,123456,2016-03-05,BG0301
1722,123456,2016-05-16,LG0301
1723,123456,2016-04-16,OG2301
1724,123456,2016-07-18,LG0301
1725,123456,2016-02-15,OG3301
1726,123456,2016-11-22,AG0301
1727,123456,2016-01-02,WG0301
1728,123456,2016-01-22,OG3301
1729,123456,2016-12-08,AG0301
1730,123456,2016-03-25,WG0301
1731,123456,2016-09-18,OG1301
1732,123456,2016-11-04,WG0301
1733,123456,2016-10-05,AG0301
1734,123456,2016-12-01,LEG0000
1735,123456,2016-07-20,BG0301
1736,123456,2016-10-13,AG0301
1737,123456,2016-06-03,LG0301
1738,123456,2016-06-15,AG0301
1739,123456,2016-03-28,LG0301
1740,123456,2016-05-02,LEG0000
1741,123456,2016-12-14,AG0301
1742,123456,2016-02-21,AG0301
1743,123456,2016-10-12,OG2301
1744,123456,2016-09-27,OG3301
1745,123456,2016-01-05,LEG0000
1746,123456,2016-10-28,LEG0000
1747,123456,2016-11-12,WG0301
1748,123456,2016-12-23,LG0301
1749,123456,2016-10-02,MG0301
1750,123456,2016-02-09,MG0301
1751,123456,2016-01-26,LEG0000
1752,123456,2016-11-05,LEG0000
1753,123456,2016-12-11,OG1301
1754,123456,2016-07-07,MG0301
1755,123456,2016-06-25,LEG0000
1756,123456,2016-10-22,AG0301
1757,123456,2016-11-02,OG2301
1758,123456,2016-10-27,LEG0000
1759,123456,2016-04-25,OG2301
1760,123456,2016-08-17,KG0301
1761,123456,2016-11-04,MG0301
1762,123456,2016-02-17,LEG0000
1763,123456,2016-03-03,LEG0000
1764,123456,2016-06-22,LEG0000
1765,123456,2016-09-01,BG0301
1766,123456,2016-08-28,OG3301
1767,123456,2016-01-04,LEG0000
1768,123456,2016-07-26,OG1301
1769,123456,2016-03-03,OG1301
1770,123456,2016-10-06,LG0301
1771,123456,2016-12-09,MG0301
1772,123456,2016-07-20,BG0301
1773,123456,2016-10-17,OG1301
1774,123456,2016-09-27,OG2301
1775,123456,2016-02-08,OG1301
1776,123456,2016-04-21,LEG0000
1777,123456,2016-03-18,WG0301
1778,123456,2016-09-19,LEG0000
1779,123456,2016-10-25,LEG0000
1780,123456,2016-02-16,WG0301
1781,123456,2016-10-03,OG3301
1782,123456,2016-08-27,LG0301
1783,123456,2016-02-28,OG2301
1784,123456,2016-01-24,WG0301
1785,123456,2016-09-18,BG0301
1786,123456,2016-05-04,WG0301
1787,123456,2016-03-19,MG0301
1788,123456,2016-05-18,OG2301
1789,123456,2016-10-12,WG0301
1790,123456,2016-12-24,AG0301
1791,123456,2016-08-15,BG0301
1792,123456,2016-10-25,AG0301
1793,123456,2016-06-21,WG0301
1794,123456,2016-06-20,BG0301
1795,123456,2016-11-27,OG1301
1796,123456,2016-07-10,MG0301
1797,123456,2016-01-10,OG3301
1798,123456,2016-12-20,OG3301
1799,123456,2016-05-13,OG3301
1800,123456,2016-07-06,BG0301
1801,123456,2016-03-24,MG0301
1802,123456,2016-06-27,OG3301
1803,123456,2016-05-03,OG2301
1804,123456,2016-07-02,OG1301
1805,123456,2016-11-01,AG0301
1806,123456,2016-12-28,AG0301
1807,123456,2016-02-25,KG0301
1808,123456,2016-12-24,OG3301
1809,123456,2016-01-03,WG0301
1810,123456,2016-11-04,OG1301
1811,123456,2016-12-04,OG3301
1812,123456,2016-03-20,AG0301
1813,123456,2016-06-14,MG0301
1814,123456,2016-10-01,OG3301
1815,123456,2016-05-17,OG3301
1816,123456,2016-11-15,KG0301
1817,123456,2016-08-01,OG3301
1818,123456,2016-11-14,LG0301
1819,123456,2016-01-11,MG0301
1820,123456,2016-06-16,WG0301
1821,123456,2016-04-19,LEG0000
1822,123456,2016-05-24,LEG0000
1823,123456,2016-08-23,MG0301
1824,123456,2016-03-21,MG0301
1825,123456,2016-05-28,BG0301
1826,123456,2016-11-03,WG0301
1827,123456,2016-02-03,LG0301
1828,123456,2016-09-08,LEG0000
1829,123456,2016-01-23,OG3301
1830,123456,2016-03-28,WG0301
1831,123456,2016-06-02,LEG0000
1832,123456,2016-03-21,OG1301
1833,123456,2016-02-28,OG1301
1834,123456,2016-04-26,AG0301
1835,123456,2016-12-01,LG0301
1836,123456,2016-10-16,KG0301
1837,123456,2016-10-16,OG1301
1838,123456,2016-11-01,WG0301
1839,123456,2016-10-24,KG0301
1840,123456,2016-10-07,OG2301
1841,123456,2016-07-19,LEG0000
1842,123456,2016-06-10,BG0301
1843,123456,2016-05-20,OG3301
1844,123456,2016-02-20,MG0301
1845,123456,2016-02-21,OG2301
1846,123456,2016-03-11,KG0301
1847,123456,2016-05-10,AG0301
1848,123456,2016-12-01,LG0301
1849,123456,2016-06-05,KG0301
1850,123456,2016-10-12,LEG0000
1851,123456,2016-11-05,MG0301
1852,123456,2016-12-04,OG2301
1853,123456,2016-03-14,MG0301
1854,123456,2016-11-05,KG0301
1855,123456,2016-03-11,OG3301
1856,123456,2016-06-12,KG0301
1857,123456,2016-04-10,AG0301
1858,123456,2016-09-17,KG0301
1859,123456,2016-12-04,LG0301
1860,123456,2016-04-14,OG2301
1861,123456,2016-06-25,KG0301
1862,123456,2016-04-12,KG0301
1863,123456,2016-02-27,BG0301
1864,123456,2016-03-15,OG3301
1865,123456,2016-02-10,WG0301
1866,123456,2016-01-23,MG0301
1867,123456,2016-02-17,MG0301
1868,123456,2016-09-20,OG3301
1869,123456,2016-01-05,OG2301
1870,123456,2016-07-12,MG0301
1871,123456,2016-03-06,OG3301
1872,123456,2016-11-02,BG0301
1873,123456,2016-05-09,MG0301
1874,123456,2016-11-13,LG0301
1875,123456,2016-12-03,OG2301
1876,123456,2016-05-22,AG0301
1877,123456,2016-03-24,KG0301
1878,123456,2016-05-03,OG2301
1879,123456,2016-11-23,OG2301
1880,123456,2016-05-12,KG0301
1881,123456,2016-03-14,AG0301
1882,123456,2016-02-19,OG1301
1883,123456,2016-04-09,OG1301
1884,123456,2016-06-10,OG2301
1885,123456,2016-11-27,OG2301
1886,123456,2016-04-16,WG0301
1887,123456,2016-04-15,LG0301
1888,123456,2016-06-25,KG0301
1889,123456,2016-03-22,KG0301
1890,123456,2016-01-18,BG0301
1891,123456,2016-10-08,OG3301
1892,123456,2016-06-10,LG0301
1893,123456,2016-08-06,OG3301
1894,123456,2016-11-15,OG3301
1895,123456,2016-06-01,BG0301
1896,123456,2016-05-13,OG2301
1897,123456,2016-08-28,OG2301
1898,123456,2016-11-20,LEG0000
1899,123456,2016-10-04,OG3301
1900,123456,2016-02-22,LG0301
1901,123456,2016-06-15,LG0301
1902,123456,2016-07-28,OG3301
1903,123456,2016-11-28,WG0301
1904,123456,2016-01-01,LEG0000
1905,123456,2016-12-12,LEG0000
1906,123456,2016-06-14,MG0301
1907,123456,2016-10-20,BG0301
1908,123456,2016-07-19,MG0301
1909,123456,2016-02-16,OG1301
1910,123456,2016-01-17,LEG0000
1911,123456,2016-10-05,BG0301
1912,123456,2016-07-04,OG1301
1913,123456,2016-08-25,AG0301
1914,123456,2016-07-26,OG2301
1915,123456,2016-05-05,AG0301
1916,123456,2016-06-05,AG0301
1917,123456,2016-10-12,LEG0000
1918,123456,2016-04-03,OG3301
1919,123456,2016-01-03,LG0301
1920,123456,2016-02-21,WG0301
1921,123456,2016-03-02,MG0301
1922,123456,2016-04-04,BG0301
1923,123456,2016-05-05,OG2301
1924,123456,2016-02-16,OG1301
1925,123456,2016-12-27,OG1301
1926,123456,2016-02-08,KG0301
1927,123456,2016-01-01,BG0301
1928,123456,2016-10-04,LG0301
1929,123456,2016-10-02,WG0301
1930,123456,2016-05-19,OG3301
1931,123456,2016-08-25,LG0301
1932,123456,2016-10-15,AG0301
1933,123456,2016-06-26,WG0301
1934,123456,2016-10-12,BG0301
1935,123456,2016-07-08,OG1301
1936,123456,2016-09-11,KG0301
1937,123456,2016-10-14,KG0301
1938,123456,2016-11-01,OG2301
1939,123456,2016-04-23,WG0301
1940,123456,2016-09-01,LG0301
1941,123456,2016-01-15,WG0301
1942,123456,2016-05-02,BG0301
1943,123456,2016-04-12,LG0301
1944,123456,2016-12-08,LEG0000
1945,123456,2016-08-09,LEG0000
1946,123456,2016-01-26,LEG0000
1947,123456,2016-07-20,BG0301
1948,123456,2016-07-28,MG0301
1949,123456,2016-04-11,OG2301
1950,123456,2016-08-17,OG2301
1951,123456,2016-06-24,BG0301
1952,123456,2016-09-28,BG0301
1953,123456,2016-03-18,BG0301
1954,123456,2016-09-12,LEG0000
1955,123456,2016-03-23,MG0301
1956,123456,2016-04-28,OG3301
1957,123456,2016-11-16,OG1301
1958,123456,2016-10-08,OG2301
1959,123456,2016-11-10,BG0301
1960,123456,2016-12-21,LG0301
1961,123456,2016-04-02,OG2301
1962,123456,2016-02-15,LEG0000
1963,123456,2016-03-05,OG3301
1964,123456,2016-04-03,LEG0000
1965,123456,2016-09-06,OG2301
1966,123456,2016-03-09,LEG0000
1967,123456,2016-10-20,OG1301
1968,123456,2016-05-23,OG2301
1969,123456,2016-04-07,WG0301
1970,123456,2016-08-10,LG0301
1971,123456,2016-08-09,AG0301
1972,123456,2016-12-10,OG1301
1973,123456,2016-06-08,OG2301
1974,123456,2016-05-02,KG0301
1975,123456,2016-03-21,MG0301
1976,123456,2016-10-22,KG0301
1977,123456,2016-04-15,OG3301
1978,123456,2016-06-12,LEG0000
1979,123456,2016-08-20,MG0301
1980,123456,2016-09-19,OG2301
1981,123456,2016-08-18,OG3301
1982,123456,2016-01-16,LG0301
1983,123456,2016-07-13,LEG0000
1984,123456,2016-06-09,OG1301
1985,123456,2016-07-24,MG0301
1986,123456,2016-10-09,OG3301
1987,123456,2016-08-02,OG1301
1988,123456,2016-09-01,WG0301
1989,123456,2016-12-05,OG2301
1990,123456,2016-06-12,AG0301
1991,123456,2016-02-26,KG0301
1992,123456,2016-11-20,BG0301
1993,123456,2016-10-13,LEG0000
1994,123456,2016-01-16,OG1301
1995,123456,2016-03-07,AG0301
1996,123456,2016-12-05,AG0301
1997,123456,2016-06-12,LEG0000
1998,123456,2016-12-07,OG3301
1999,123456,2016-01-05,AG0301
2000,123456,2016-01-17,OG1301
2001,396941,2016-12-13,MG0113
