id,adNumber,registeredBy,firstName,lastName,email,emailSubscriber,address,birthdate,stamnumber,gender,eventRole,buddy,language,eatinghabbit,remarksFood,socialPromotion,medicalRemarks,remarks,status,syncStatus,phoneNumber
10,123456,123456,Johnny,Flodder,email@test.be,email@test.be,Veldstraat 123 1000 Brussel,1995-08-21,AG /0103,MAN,ASPI,false,[],FISHANDMEAT,food remarks,false,medical remarks,remarks,TO_BE_PAID,null,1
20,234567,234567,Kees,Flodder,email@test.be,email@test.be,Veldstraat 123 1000 Brussel,1995-08-21,BG /0301,MAN,ASPI,false,[],FISHANDMEAT,,false,,,TO_BE_PAID,null,1
30,345678,345678,Ma,Flodder,email@test.be,email@test.be,Veldstraat 123 1000 Brussel,1995-08-21,AG /0103,WOMAN,ASPI,false,[],FISHANDMEAT,,false,,,CONFIRMED,null,1
40,456789,456789,Cees,Flodder,email@test.be,email@test.be,Veldstraat 123 1000 Brussel,1995-08-21,LEG/0101,WOMAN,ASPI,false,[],FISHANDMEAT,,false,,,PAID,null,1
50,987654,987654,Frederik,Flodder,email@test.be,email@test.be,Veldstraat 123 1000 Brussel,1995-08-21,AG /0202,MAN,ASPI,false,[SPANISH ---  FRENCH],FISHANDMEAT,,false,,,CONFIRMED,null,1
